postcode,lat,lon
200,149.172,35.2949
221,149.172,35.2949
800,130.841,12.4618
801,130.841,12.4618
804,130.841,12.4618
810,130.865,12.3757
812,130.899,12.3915
813,130.899,12.3915
814,130.865,12.3757
815,130.865,12.3757
820,130.892,12.4551
821,130.892,12.4551
822,133.92,12.6782
828,130.941,12.4375
830,130.981,12.4722
831,130.981,12.4722
832,130.991,12.5032
835,131.021,12.4823
836,131.106,12.5578
837,131.027,12.7034
840,131.045,13.0694
845,131.045,13.0694
846,131.108,13.2267
847,132.106,13.7057
850,132.42,14.2793
851,132.42,14.2793
852,133.371,16.3024
853,132.412,14.5453
854,136.407,16.5123
860,134.174,19.6449
861,134.174,19.6449
862,134.353,18.6569
870,133.86,23.6955
871,133.86,23.6955
872,132.248,23.0973
880,136.32,12.603
885,136.726,13.7748
886,132.465,13.0382
1004,151.191,33.9086
1006,151.191,33.9086
1041,151.191,33.9086
1042,151.191,33.9086
1043,151.191,33.9086
1044,151.191,33.9086
1220,151.191,33.9086
1223,151.191,33.9086
1230,151.191,33.9086
1232,151.191,33.9086
1235,151.191,33.9086
1236,151.191,33.9086
1238,151.191,33.9086
1240,151.191,33.9086
1300,151.191,33.9086
1313,151.191,33.9086
1330,151.191,33.9086
1335,151.191,33.9086
1340,151.191,33.9086
1350,151.191,33.9086
1360,151.191,33.9086
1435,151.143,33.9379
1445,151.143,33.9379
1455,151.191,33.9086
1460,151.143,33.9379
1465,151.143,33.9379
1470,151.143,33.9379
1475,151.143,33.9379
1480,151.143,33.9379
1481,151.143,33.9379
1485,151.143,33.9379
1490,151.143,33.9379
1495,151.143,33.9379
1499,151.143,33.9379
1515,151.193,33.8293
1560,151.193,33.8293
1565,151.193,33.8293
1570,151.193,33.8293
1585,151.193,33.8293
1590,151.193,33.8293
1595,151.193,33.8293
1630,151.193,33.8293
1635,151.193,33.8293
1640,151.193,33.8293
1655,151.193,33.8293
1670,151.193,33.8293
1675,151.193,33.8293
1680,151.193,33.8293
1700,150.94,33.7693
1701,150.94,33.7693
1710,150.94,33.7693
1715,150.94,33.7693
1730,150.94,33.7693
1750,150.94,33.7693
1755,150.94,33.7693
1765,150.94,33.7693
1790,150.94,33.7693
1800,150.975,33.8878
1805,150.975,33.8878
1811,150.975,33.8878
1825,150.975,33.8878
1851,150.975,33.8878
1860,150.975,33.8878
1871,150.975,33.8878
1875,150.975,33.8878
1885,150.975,33.8878
1890,150.975,33.8878
1891,150.975,33.8878
2000,151.209,33.873
2001,151.209,33.873
2006,151.186,33.8896
2007,151.197,33.8811
2008,151.194,33.8913
2009,151.191,33.8707
2010,151.212,33.8862
2011,151.221,33.8704
2012,151.212,33.8862
2014,151.191,33.9086
2015,151.191,33.9086
2016,151.206,33.8948
2017,151.206,33.9053
2018,151.205,33.9249
2019,151.204,33.9521
2020,151.183,33.9442
2021,151.23,33.893
2022,151.249,33.8973
2023,151.255,33.8816
2024,151.26,33.905
2025,151.241,33.8883
2026,151.271,33.891
2027,151.236,33.877
2028,151.244,33.8811
2029,151.264,33.8748
2030,151.275,33.8604
2031,151.236,33.9199
2032,151.229,33.9285
2033,151.223,33.9098
2034,151.254,33.9263
2035,151.241,33.9468
2036,151.236,33.9751
2037,151.185,33.88
2038,151.169,33.8813
2039,151.173,33.8673
2040,151.156,33.8778
2041,151.182,33.856
2042,151.178,33.9017
2043,151.185,33.9029
2044,151.17,33.9218
2045,151.138,33.8813
2046,151.129,33.8606
2047,151.153,33.8532
2048,151.165,33.8953
2049,151.152,33.8971
2050,151.177,33.8902
2057,151.178,33.7973
2059,151.204,33.8406
2060,151.204,33.8406
2061,151.214,33.8489
2062,151.214,33.824
2063,151.215,33.8128
2064,151.183,33.8124
2065,151.193,33.8293
2066,151.161,33.819
2067,151.178,33.7973
2068,151.21,33.8017
2069,151.197,33.7819
2070,151.171,33.778
2071,151.164,33.7669
2072,151.154,33.7585
2073,151.137,33.7539
2074,151.152,33.713
2075,151.175,33.7214
2076,151.115,33.7225
2077,151.099,33.6727
2079,151.115,33.665
2080,151.165,33.6268
2081,151.161,33.6068
2082,151.156,33.5809
2083,151.204,33.5167
2084,151.234,33.6432
2085,151.211,33.7292
2086,151.235,33.7552
2087,151.211,33.7689
2088,151.249,33.83
2089,151.218,33.8395
2090,151.223,33.8339
2092,151.242,33.7931
2093,151.258,33.7995
2094,151.273,33.7956
2095,151.29,33.8051
2096,151.285,33.7772
2097,151.296,33.7357
2099,151.278,33.7455
2100,151.252,33.7514
2101,151.262,33.694
2102,151.296,33.6913
2103,151.298,33.6785
2104,151.289,33.6614
2105,151.278,33.6489
2106,151.315,33.658
2107,151.323,33.6304
2108,151.298,33.5908
2109,151.112,33.7711
2110,151.142,33.8315
2111,151.13,33.8311
2112,151.112,33.8142
2113,151.128,33.7957
2114,151.084,33.8105
2115,151.06,33.8124
2116,151.036,33.8157
2117,151.041,33.798
2118,151.043,33.7769
2119,151.066,33.7543
2120,151.077,33.7253
2121,151.081,33.7706
2122,151.089,33.7827
2124,151.004,33.8168
2125,151.032,33.7493
2126,151.045,33.7232
2127,151.073,33.8499
2128,151.037,33.8399
2129,151.07,33.8635
2130,151.137,33.8948
2131,151.125,33.8912
2132,151.116,33.8825
2133,151.102,33.899
2134,151.103,33.8797
2135,151.082,33.8801
2136,151.086,33.8956
2137,151.104,33.8536
2138,151.085,33.8416
2140,151.073,33.8499
2141,151.046,33.8568
2142,151.005,33.8411
2143,151.024,33.8865
2144,151.028,33.8564
2145,150.957,33.8139
2146,150.956,33.794
2147,150.94,33.7693
2148,150.902,33.7866
2150,151.004,33.8168
2151,151.013,33.7841
2152,150.993,33.7853
2153,150.956,33.7237
2154,150.997,33.73
2155,150.935,33.7054
2156,150.972,33.6479
2157,150.958,33.5912
2158,151.033,33.6741
2159,151.079,33.5853
2160,150.982,33.8372
2161,150.982,33.8577
2162,151.003,33.8843
2163,150.975,33.8878
2164,150.885,33.8443
2165,150.943,33.8693
2166,150.939,33.8944
2167,150.889,33.9744
2168,150.88,33.9125
2170,150.913,33.9327
2171,150.777,33.941
2173,150.898,34.1021
2176,150.884,33.8722
2177,150.879,33.8946
2190,151.056,33.9008
2191,151.085,33.906
2192,151.088,33.9211
2193,151.12,33.9126
2194,151.102,33.9166
2195,151.077,33.9241
2196,151.061,33.9301
2197,150.993,33.9026
2198,150.988,33.91
2199,151.023,33.9036
2200,151.01,33.923
2203,151.138,33.9072
2204,151.155,33.912
2205,151.143,33.9379
2206,151.13,33.927
2207,151.118,33.9494
2208,151.098,33.9412
2209,151.076,33.9501
2210,151.051,33.9663
2211,151.031,33.9577
2212,151.011,33.9557
2213,151,33.9645
2214,150.982,33.9438
2216,151.15,33.9562
2217,151.136,33.9747
2218,151.119,33.9725
2219,151.133,33.9971
2220,151.1,33.9692
2221,151.104,33.9902
2222,151.086,33.9663
2223,151.071,33.9796
2224,151.1,34.012
2225,151.082,34.0066
2226,151.068,34.0106
2227,151.085,34.0428
2228,151.104,34.0429
2229,151.119,34.0414
2230,151.124,34.0805
2231,151.186,34.0229
2232,151.062,34.0532
2233,151.035,34.1008
2234,151.013,34.0209
2250,151.214,33.3375
2251,151.39,33.4797
2252,151.39,33.4797
2256,151.313,33.4875
2257,151.378,33.5196
2258,151.355,33.3353
2259,151.423,33.2383
2260,151.441,33.433
2261,151.462,33.3756
2262,151.538,33.2091
2263,151.548,33.2783
2264,151.499,33.1127
2265,151.422,33.0901
2267,151.589,33.0905
2278,151.562,32.9545
2280,151.658,33.0368
2281,151.624,33.1181
2282,151.648,32.9818
2283,151.561,33.0175
2284,151.61,32.9604
2285,151.66,32.9371
2286,151.545,32.9319
2287,151.633,32.8892
2289,151.704,32.942
2290,151.697,32.9919
2291,151.744,32.9498
2292,151.734,32.9215
2293,151.754,32.9184
2295,151.793,32.8927
2296,151.746,32.9154
2297,151.75,32.9093
2298,151.72,32.9058
2299,151.705,32.9083
2300,151.778,32.9311
2301,151.778,32.9311
2302,151.758,32.9263
2303,151.743,32.9284
2304,151.739,32.8803
2305,151.698,32.9291
2306,151.681,32.9944
2307,151.691,32.8839
2308,151.706,32.892
2309,151.778,32.9311
2310,151.778,32.9311
2311,151.502,32.3527
2312,152.33,32.1312
2315,152.159,32.7391
2316,152.094,32.7804
2317,152.073,32.718
2318,151.958,32.7863
2319,152.01,32.7389
2320,151.513,32.7231
2321,151.7,32.6598
2322,151.67,32.8191
2323,151.583,32.7858
2324,151.991,32.6614
2325,151.321,32.977
2326,151.443,32.7867
2327,151.485,32.8157
2328,150.556,32.54
2329,150.101,32.0596
2330,151.012,32.7262
2333,150.675,32.265
2334,151.403,32.7229
2335,151.334,32.652
2336,151.026,32.1345
2337,151.223,31.8284
2338,150.96,31.6732
2339,150.5,31.709
2340,150.933,31.2306
2341,150.627,31.3321
2342,150.6,31.1796
2343,150.288,31.4869
2344,150.747,31.1977
2345,150.87,30.8524
2346,150.762,30.6533
2347,150.548,30.304
2350,151.873,30.4418
2351,151.637,30.4896
2352,151.199,31.1079
2353,151.103,30.9666
2354,151.785,31.1474
2355,151.169,30.7793
2356,148.939,30.5731
2357,149.322,31.1726
2358,151.457,30.5364
2359,151.05,30.1863
2360,151.138,29.5029
2361,151.154,29.1768
2365,151.636,30.1192
2369,151.255,29.9596
2370,151.855,29.7645
2371,151.8,29.3635
2372,152.149,28.9107
2379,149.797,31.2271
2380,150.078,31.0346
2381,150.465,31.2483
2382,150.025,30.6592
2386,148.916,30.0658
2387,148.909,29.7121
2388,149.311,30.1541
2390,149.779,30.3894
2391,149.779,30.3894
2395,149.437,31.5497
2396,149.037,30.811
2397,149.78,29.8915
2398,149.814,29.7224
2399,150.179,29.4268
2400,149.612,29.4297
2401,150.336,29.6377
2402,150.554,29.4
2403,150.788,29.588
2404,150.523,29.9333
2405,149.602,28.9129
2406,148.949,29.0145
2408,150.432,29.0143
2409,150.218,28.7464
2410,150.717,28.8837
2411,150.307,29.1281
2415,151.886,32.2947
2420,151.599,32.2604
2421,151.57,32.6098
2422,151.873,31.9345
2423,152.305,32.3723
2424,151.982,31.6919
2425,151.977,32.3942
2426,152.616,31.8223
2427,152.687,31.8401
2428,152.449,32.2615
2429,152.326,31.7933
2430,152.497,31.8967
2431,153.049,30.9292
2439,152.672,31.6261
2440,152.549,30.9611
2441,152.734,31.2567
2443,152.687,31.7139
2444,152.881,31.4262
2445,152.825,31.5789
2446,152.475,31.3671
2447,152.626,30.7076
2448,152.932,30.6104
2449,152.725,30.6257
2450,152.708,30.0966
2452,153.074,30.36
2453,152.554,30.3764
2454,152.806,30.4706
2455,152.951,30.52
2456,153.134,30.0708
2460,152.74,29.5945
2462,153.226,29.7857
2463,153.18,29.4805
2464,153.323,29.4707
2465,153.244,29.412
2466,153.35,29.4062
2468,152.839,29.0027
2469,152.839,29.0027
2470,152.965,28.9421
2471,153.237,29.0429
2472,153.302,29.1352
2473,153.432,29.1054
2474,152.88,28.5351
2475,152.426,28.5523
2476,152.324,28.4477
2477,153.436,28.8938
2478,153.531,28.8479
2479,153.518,28.7001
2480,153.253,28.7522
2481,153.596,28.6651
2482,153.443,28.5424
2483,153.481,28.5013
2484,153.331,28.3881
2485,153.531,28.1804
2486,153.469,28.213
2487,153.544,28.2483
2488,153.56,28.3296
2489,153.53,28.384
2490,153.467,28.2686
2500,150.878,34.412
2502,150.878,34.4928
2505,150.9,34.4836
2506,150.846,34.4921
2508,150.969,34.2254
2509,150.969,34.2254
2515,150.935,34.2891
2516,150.9,34.3278
2517,150.892,34.3504
2518,150.893,34.3737
2519,150.768,34.3516
2520,150.768,34.3516
2521,150.878,34.412
2522,150.878,34.412
2525,150.852,34.4414
2526,150.832,34.4495
2527,150.728,34.5766
2528,150.856,34.5473
2529,150.85,34.5924
2530,150.778,34.5003
2533,150.745,34.6457
2534,150.771,34.7322
2535,150.672,34.7698
2536,150.131,35.6754
2537,149.847,35.9311
2538,150.276,35.3482
2539,150.43,35.3746
2540,150.524,34.9779
2541,150.657,34.8654
2545,149.812,36.1445
2546,150.021,36.2974
2547,150.021,36.2974
2548,149.893,36.8697
2549,149.847,36.9537
2550,149.711,36.6857
2551,149.722,37.2495
2558,150.8,34.0258
2559,150.796,34.0507
2560,150.805,34.1895
2563,150.753,34.103
2564,150.893,34.001
2565,150.84,33.9901
2566,150.839,34.0294
2567,150.746,34.0515
2568,150.712,34.1493
2569,150.712,34.223
2570,150.577,34.0287
2571,150.624,34.1944
2572,150.546,34.1855
2573,150.587,34.2203
2574,150.594,34.3214
2575,150.402,34.3968
2576,150.52,34.5201
2577,150.37,34.6166
2578,150.31,34.6956
2579,150.102,34.7094
2580,149.765,34.595
2581,149.335,34.7987
2582,148.816,34.918
2583,149.32,34.1428
2584,148.585,34.6918
2585,148.518,34.5595
2586,148.782,34.3288
2587,148.372,34.6087
2588,148.178,34.56
2590,147.947,34.709
2594,148.176,34.2839
2600,149.124,35.3086
2601,149.112,35.2801
2602,149.146,35.2509
2603,149.126,35.3396
2604,149.148,35.3292
2605,149.077,35.3268
2606,149.094,35.3484
2607,149.099,35.3752
2608,149.124,35.3086
2609,149.172,35.2949
2610,149.172,35.2949
2611,148.848,35.3147
2612,149.138,35.2801
2614,149.057,35.2554
2615,149.027,35.214
2616,148.986,35.2364
2617,148.986,35.2364
2618,149.012,35.1325
2619,149.198,35.3828
2620,148.959,35.4311
2621,149.45,35.4806
2622,149.872,35.4977
2623,149.471,35.5822
2624,148.36,36.4601
2625,148.259,36.5377
2626,149.159,35.9235
2627,148.584,36.4448
2628,148.825,36.347
2630,149.131,36.3363
2631,149.326,36.519
2632,149.268,36.9696
2633,148.715,36.8857
2640,146.99,36.0197
2641,146.921,36.0327
2642,146.735,35.7712
2643,146.64,35.9257
2644,147.388,35.7079
2645,146.287,35.3271
2646,146.302,35.6851
2647,145.973,35.8701
2648,142.258,33.3339
2649,148.091,35.6083
2650,147.431,35.1983
2651,147.465,35.1617
2652,145.768,33.9461
2653,148.039,35.7856
2655,147.055,35.2358
2656,146.767,35.3037
2658,146.999,35.553
2659,146.854,35.6781
2660,147.057,35.7034
2661,147.282,35.156
2663,147.692,34.9243
2665,146.8,34.3329
2666,147.592,34.4719
2668,147.445,34.1001
2669,146.584,33.7026
2671,147.293,33.813
2672,146.28,33.3197
2675,145.439,33.4607
2677,147.431,35.1983
2678,147.431,35.1983
2680,145.931,34.208
2681,146.157,34.1499
2684,146.157,34.1499
2700,146.295,34.8655
2701,147.14,34.7723
2702,147.015,34.8971
2703,146.377,34.6307
2705,146.305,34.487
2706,145.947,34.5411
2707,145.809,34.7943
2710,144.814,35.4113
2711,144.717,34.2413
2712,145.825,35.737
2713,145.479,35.541
2714,145.484,35.7619
2715,143.588,34.115
2716,145.728,35.2386
2717,142.06,34.0934
2720,148.406,35.5046
2721,147.72,34.042
2722,148.102,34.9416
2725,147.807,34.4363
2726,148.322,34.7788
2727,148.358,34.9874
2729,147.936,35.2231
2730,148.056,35.5229
2731,144.658,35.9142
2732,144.199,35.5391
2733,143.956,35.0224
2734,143.416,34.8666
2735,143.441,35.1224
2736,143.41,34.9833
2737,142.838,34.6
2738,142.223,34.1673
2739,142.185,34.1629
2745,150.663,33.8639
2747,150.747,33.7221
2748,150.726,33.8087
2749,150.69,33.6841
2750,150.678,33.7514
2751,150.678,33.7514
2752,150.586,33.9223
2753,150.676,33.6247
2754,150.731,33.5558
2756,150.921,33.4954
2757,150.692,33.5543
2758,150.577,33.4815
2759,150.766,33.8337
2760,150.781,33.7433
2761,150.848,33.7401
2762,150.876,33.7018
2763,150.893,33.7304
2765,150.857,33.6424
2766,150.829,33.7947
2767,150.87,33.7681
2768,150.929,33.7366
2770,150.817,33.7591
2773,150.623,33.7688
2774,150.616,33.7361
2775,150.933,33.3393
2776,150.555,33.6617
2777,150.607,33.6821
2778,150.489,33.728
2779,150.464,33.7254
2780,150.442,33.7613
2782,150.379,33.7251
2783,150.433,33.7257
2784,150.413,33.7297
2785,150.223,33.6818
2786,150.352,33.5388
2787,150.042,33.9863
2790,150.304,33.3767
2791,149.165,33.6137
2792,149.082,33.6167
2793,148.891,33.8245
2794,148.683,33.9087
2795,149.627,33.5219
2797,148.988,33.6168
2798,149.165,33.4564
2799,149.247,33.5811
2800,149.039,33.2785
2803,148.535,34.1571
2804,148.658,33.482
2805,148.424,33.6424
2806,148.326,33.3971
2807,148.57,34.034
2808,149.023,33.9657
2809,148.419,33.9682
2810,147.933,33.8264
2820,148.966,32.5002
2821,148.058,32.2488
2823,147.908,32.004
2824,147.732,31.0481
2825,147.29,31.6408
2827,148.555,31.5692
2828,148.539,31.2057
2829,148.144,30.7663
2830,148.719,32.1736
2831,146.68,31.4254
2832,148.047,29.7975
2833,148.408,29.4364
2834,147.976,29.4482
2835,144.915,31.3869
2836,143.308,31.2535
2839,146.919,29.8339
2840,144.534,30.0462
2842,149.079,31.7342
2843,149.748,31.8457
2844,149.358,31.8444
2845,150.053,33.401
2846,150.095,33.0469
2847,149.969,33.3947
2848,149.977,32.9
2849,150.002,32.7264
2850,149.825,32.5849
2852,149.52,32.3003
2864,148.694,33.3257
2865,148.668,33.1803
2866,148.904,33.0394
2867,148.641,32.9215
2868,148.571,32.7434
2869,148.227,32.6124
2870,148.21,33.0294
2871,147.827,33.4377
2873,147.342,32.2394
2874,147.549,32.6244
2875,147.638,32.9296
2876,147.773,33.1229
2877,145.997,32.7631
2878,144.097,32.7668
2879,142.723,32.4354
2880,142.347,30.9936
2898,159.085,31.5554
2900,149.063,35.4169
2901,149.063,35.4169
2902,149.049,35.3892
2903,149.088,35.4013
2904,149.113,35.4048
2905,149.111,35.4346
2906,149.092,35.4538
2911,149.131,35.22
2912,149.16,35.1782
2913,149.104,35.1902
2914,149.127,35.1763
3000,144.964,37.813
3001,144.964,37.813
3002,144.981,37.8177
3003,144.948,37.8105
3004,144.975,37.8394
3005,144.951,37.8241
3006,144.958,37.8269
3008,144.981,37.8177
3011,144.908,37.8042
3012,144.863,37.7988
3013,144.883,37.8208
3015,144.88,37.839
3016,144.882,37.8617
3018,144.822,37.8647
3019,144.854,37.7832
3020,144.829,37.7822
3021,144.797,37.7477
3022,144.8,37.7899
3023,144.775,37.7813
3024,144.583,37.8612
3025,144.825,37.8353
3026,144.795,37.8295
3027,144.75,37.8634
3028,144.763,37.8745
3029,144.691,37.8478
3030,144.674,37.939
3031,144.92,37.7929
3032,144.903,37.774
3033,144.854,37.7383
3034,144.864,37.7642
3036,144.822,37.7088
3037,144.748,37.7019
3038,144.794,37.708
3039,144.917,37.7669
3040,144.905,37.7531
3041,144.91,37.7286
3042,144.864,37.7257
3043,144.878,37.7017
3044,144.934,37.7353
3045,144.835,37.677
3046,144.928,37.7095
3047,144.929,37.6804
3048,144.925,37.6539
3049,144.889,37.6715
3050,144.955,37.8005
3051,144.946,37.7982
3052,144.95,37.7887
3053,144.966,37.8017
3054,144.967,37.7871
3055,144.939,37.7654
3056,144.961,37.7682
3057,144.977,37.7698
3058,144.965,37.7391
3059,144.873,37.636
3060,144.966,37.7063
3061,144.955,37.6678
3062,144.953,37.6351
3063,144.855,37.5941
3064,144.937,37.5705
3065,144.978,37.8027
3066,144.987,37.8035
3067,145.002,37.8051
3068,144.991,37.7861
3070,144.998,37.7746
3071,145.005,37.76
3072,145.008,37.7432
3073,145.004,37.7139
3074,145.011,37.6849
3075,145.008,37.6668
3076,145.012,37.6401
3078,145.022,37.7861
3079,145.051,37.7717
3081,145.044,37.7441
3082,145.064,37.6659
3083,145.063,37.704
3084,145.08,37.7508
3085,145.083,37.7233
3086,145.063,37.704
3087,145.084,37.7047
3088,145.107,37.7008
3089,145.155,37.664
3090,145.106,37.6672
3091,145.134,37.6297
3093,145.115,37.7404
3094,145.122,37.722
3095,145.167,37.7159
3096,145.188,37.672
3097,145.246,37.6949
3099,145.203,37.6111
3101,145.029,37.8029
3102,145.05,37.7936
3103,145.08,37.8114
3104,145.084,37.7922
3105,145.085,37.7685
3106,145.142,37.7576
3107,145.111,37.7654
3108,145.121,37.7845
3109,145.182,37.7751
3110,145.171,37.8298
3111,145.19,37.7897
3113,145.202,37.7453
3114,145.211,37.7761
3115,145.264,37.7369
3116,145.314,37.7416
3121,145.007,37.8237
3122,145.029,37.8303
3123,145.049,37.8337
3124,145.072,37.8362
3125,145.104,37.8497
3126,145.072,37.8264
3127,145.099,37.8254
3128,145.123,37.8308
3129,145.121,37.8055
3130,145.15,37.8243
3131,145.171,37.8298
3132,145.197,37.8181
3133,145.191,37.8491
3134,145.232,37.7919
3135,145.246,37.8195
3136,145.28,37.7928
3137,145.318,37.8207
3138,145.324,37.7822
3139,145.533,37.8105
3140,145.37,37.7631
3141,144.989,37.8396
3142,145.017,37.8424
3143,145.019,37.8592
3144,145.033,37.8571
3145,145.053,37.8757
3146,145.058,37.8581
3147,145.088,37.8678
3148,145.088,37.8833
3149,145.127,37.8797
3150,145.175,37.8932
3151,145.149,37.855
3152,145.221,37.8647
3153,145.271,37.8371
3154,145.318,37.8584
3155,145.282,37.8552
3156,145.295,37.9215
3158,145.326,37.9062
3159,145.392,37.9221
3160,145.352,37.9265
3161,145.025,37.875
3162,145.024,37.8927
3163,145.055,37.8949
3164,145.209,38.0038
3165,145.063,37.9233
3166,145.093,37.901
3167,145.092,37.9276
3168,145.129,37.916
3169,145.118,37.9449
3170,145.176,37.9218
3171,145.161,37.9455
3172,145.131,37.9756
3173,145.165,38.0076
3174,145.179,37.9615
3175,145.209,38.0038
3176,145.217,37.9039
3177,145.238,37.9909
3178,145.24,37.9325
3179,145.217,37.9039
3180,145.246,37.8883
3181,144.995,37.8542
3182,144.979,37.8652
3183,144.999,37.8696
3184,144.985,37.8826
3185,145.003,37.8898
3186,144.995,37.908
3187,145.018,37.9178
3188,145.005,37.9386
3189,145.051,37.938
3190,145.039,37.9518
3191,145.011,37.9547
3192,145.059,37.9635
3193,145.03,37.9799
3194,145.098,37.9862
3195,145.108,38.0104
3196,145.123,38.0468
3197,145.133,38.0698
3198,145.142,38.1071
3199,145.136,38.1658
3200,145.16,38.1287
3201,145.184,38.0934
3202,145.094,37.9568
3204,145.037,37.9161
3205,144.952,37.8329
3206,144.959,37.8491
3207,144.923,37.8355
3211,144.483,37.9805
3212,144.414,38.0302
3213,145.16,38.1287
3214,144.371,38.0851
3215,144.34,38.1113
3216,144.315,38.2148
3218,144.329,38.1391
3219,144.388,38.1718
3220,144.346,38.1585
3221,144.312,38.0238
3222,144.585,38.2065
3223,144.654,38.1537
3224,144.457,38.2065
3225,144.663,38.2663
3226,144.526,38.2686
3227,144.427,38.259
3228,144.296,38.3212
3230,144.177,38.4149
3231,144.076,38.459
3232,143.975,38.5418
3233,143.667,38.7039
3235,143.928,38.4229
3236,143.714,38.5215
3237,143.423,38.7156
3238,143.49,38.7962
3239,143.437,38.5909
3240,144.141,38.273
3241,143.911,38.2509
3242,143.754,38.3655
3243,143.803,38.3632
3249,143.641,38.3374
3250,143.588,38.3078
3251,143.622,38.1461
3254,143.522,38.2888
3260,143.225,38.2036
3264,142.832,38.2138
3265,142.73,38.3051
3266,143.155,38.4345
3267,143.091,38.4482
3268,142.932,38.5276
3269,143.168,38.6642
3270,142.87,38.6055
3271,143.02,37.8827
3272,142.822,37.9661
3273,142.651,38.0081
3274,142.512,37.9853
3275,142.472,38.2908
3276,142.464,38.1682
3277,142.667,38.4113
3278,142.644,38.289
3279,142.609,38.3126
3280,142.484,38.3744
3281,142.637,38.2361
3282,142.362,38.2974
3283,142.298,38.2549
3284,142.125,38.2631
3285,141.728,38.2191
3286,141.991,38.0439
3287,142.248,38.0549
3289,142.23,37.8945
3292,141.08,38.048
3293,142.53,37.6464
3294,142.315,37.5625
3300,141.977,37.7481
3301,142.032,38.1167
3302,141.732,37.8551
3303,141.794,37.9888
3304,141.369,37.9974
3305,141.433,38.2553
3309,141.508,37.818
3310,141.58,37.7164
3311,141.283,37.4702
3312,141.438,37.4252
3314,142.098,37.4342
3315,141.708,37.4512
3317,141.588,37.1656
3318,141.276,37.0243
3319,141.099,36.8852
3321,143.946,38.0788
3322,143.706,38.024
3323,143.525,38.0158
3324,143.369,37.9451
3325,143.192,37.9085
3328,144.051,38.0173
3329,143.938,37.99
3330,143.755,37.9165
3331,144.179,37.9709
3332,144.097,37.9645
3333,144.024,37.8882
3334,144.048,37.7325
3335,144.686,37.7071
3337,144.588,37.6356
3338,144.554,37.7648
3340,144.405,37.7105
3341,144.323,37.577
3342,144.238,37.6522
3345,144.11,37.5888
3350,143.857,37.5827
3351,143.586,37.7616
3352,143.993,37.5946
3353,143.857,37.5827
3354,143.857,37.5827
3355,143.825,37.5352
3356,143.827,37.5967
3357,143.882,37.6525
3360,143.516,37.7808
3361,143.342,37.7323
3363,143.89,37.4209
3364,143.92,37.2816
3370,143.829,37.2414
3371,143.644,37.226
3373,143.317,37.4679
3375,143.161,37.4178
3377,142.961,37.3251
3378,142.982,37.5316
3379,142.69,37.6146
3380,142.772,37.0637
3381,142.817,36.9854
3384,143.132,37.0034
3385,142.646,36.9032
3387,142.866,36.6671
3388,142.702,36.5789
3390,142.484,36.5866
3391,142.459,36.0919
3392,142.692,36.4356
3393,142.348,36.2512
3395,142.438,35.9113
3396,142.315,35.6564
3399,142.357,36.6092
3400,142.208,36.718
3401,141.971,36.8042
3402,142.208,36.718
3407,141.91,37.2573
3409,141.89,36.6548
3412,141.272,36.7525
3413,141.208,36.6969
3414,142.049,36.3802
3415,141.34,36.3539
3418,141.632,35.9936
3419,141.207,36.1169
3420,141.026,36.4202
3422,142.025,36.2234
3423,141.963,36.0835
3424,141.942,35.7145
3427,144.707,37.6372
3428,144.804,37.6008
3429,144.715,37.5559
3430,144.813,37.5026
3431,144.691,37.4721
3432,144.814,37.4566
3433,144.785,37.4056
3434,144.75,37.3726
3435,144.724,37.2244
3437,144.513,37.4943
3438,144.596,37.4517
3440,144.544,37.4052
3441,144.603,37.4004
3442,144.562,37.3324
3444,144.482,37.1513
3446,144.379,37.1872
3447,144.304,37.1612
3448,144.382,37.0725
3450,144.218,37.0622
3451,144.203,37.1128
3453,144.267,36.9369
3458,144.31,37.411
3460,144.142,37.3485
3461,144.203,37.3263
3462,144.04,37.0805
3463,144.021,36.9229
3464,143.838,37.0187
3465,143.655,37.0222
3467,143.378,37.1342
3468,143.385,37.2405
3469,143.271,37.1938
3472,143.727,36.8241
3475,143.561,36.7327
3478,143.209,36.6649
3480,142.92,36.3057
3482,142.792,36.1466
3483,142.888,35.9103
3485,142.678,35.6997
3487,142.609,35.4798
3488,142.444,35.4427
3489,142.438,35.33
3490,142.157,34.9978
3491,142.191,35.4124
3494,142.36,34.4785
3496,141.716,34.5409
3498,142.172,34.2363
3500,142.969,33.8327
3501,142.148,34.2211
3502,142.969,33.8327
3505,142.003,34.1787
3506,141.406,35.2233
3507,142.05,35.1345
3509,141.705,35.1429
3512,141.16,35.374
3515,144.061,36.7283
3516,143.992,36.6119
3517,143.901,36.4346
3518,143.641,36.4303
3520,143.708,36.3549
3521,144.904,37.0928
3522,144.786,37.0502
3523,144.74,36.8295
3525,143.423,36.2914
3527,143.305,36.0341
3529,143.206,35.8345
3530,143.154,35.7342
3531,142.944,35.6235
3533,142.84,35.383
3537,143.761,36.0928
3540,143.457,35.896
3542,143.403,35.7015
3544,143.16,35.4937
3546,142.88,35.0678
3549,142.878,34.7233
3550,144.284,36.7631
3551,144.49,36.7701
3552,144.284,36.7631
3554,144.284,36.7631
3555,144.246,36.791
3556,144.187,36.6644
3557,144.612,36.6246
3558,144.57,36.4878
3559,144.776,36.5427
3561,144.714,36.3183
3562,144.483,36.0344
3563,144.521,36.2623
3564,144.71,36.1308
3565,144.512,36.1811
3566,144.383,35.9413
3567,144.293,35.9282
3568,144.206,35.7916
3570,144.272,36.514
3571,144.212,36.3827
3572,144.254,36.2956
3573,144.254,36.1791
3575,144.166,36.052
3576,143.918,36.1284
3578,144.012,35.9077
3579,143.836,35.7251
3580,144.102,35.6426
3581,143.778,35.6294
3583,143.664,35.5074
3584,143.639,35.4311
3585,143.484,35.3293
3586,143.536,35.2553
3588,143.47,35.2923
3589,143.452,35.2364
3590,143.494,35.2373
3591,143.401,35.1985
3594,143.351,35.1579
3595,143.358,35.1961
3596,143.344,35.1143
3597,143.209,34.969
3599,143.143,34.7203
3607,145.194,36.8444
3608,145.106,36.7476
3610,145.231,36.5843
3612,145.03,36.5909
3614,145.309,36.4742
3616,145.179,36.4151
3617,145.176,36.4223
3618,145.128,36.3726
3620,145.078,36.2791
3621,144.978,36.205
3622,144.897,36.1836
3623,144.967,36.4679
3624,144.967,36.3901
3629,145.281,36.2838
3630,145.409,36.3849
3631,145.526,36.4404
3633,145.473,36.2957
3634,145.443,36.2288
3635,145.341,36.1315
3636,145.487,36.0506
3637,145.329,36.0519
3638,145.232,36.0089
3639,145.009,36.0033
3640,145.516,35.9988
3641,145.418,35.8956
3644,145.68,35.9111
3646,145.698,36.253
3647,145.705,36.3847
3648,145.705,36.3847
3649,145.693,36.0853
3658,145.142,37.2476
3659,145.083,37.1072
3660,145.256,37.0411
3662,144.943,36.9464
3663,145.18,36.9129
3664,145.283,36.9175
3665,145.354,36.8388
3666,145.59,36.7731
3669,145.698,36.6589
3670,145.831,36.6518
3672,145.975,36.5526
3673,145.982,36.6593
3675,146.238,36.5492
3677,146.329,36.3563
3678,146.517,36.6347
3682,146.455,36.1844
3683,146.648,36.1611
3685,146.437,36.0491
3687,146.413,36.0049
3688,146.728,36.1436
3690,146.878,36.1262
3691,147.046,36.3365
3693,147.004,36.1351
3694,146.912,36.1486
3695,147.105,36.2588
3697,147.184,36.6873
3698,147.151,36.7211
3699,147.295,36.8452
3700,147.432,36.2812
3701,147.51,36.6583
3704,147.487,36.1671
3705,147.805,36.3452
3707,148.013,36.4796
3708,147.938,36.065
3709,147.655,36.0361
3711,145.685,37.3995
3712,145.827,37.3229
3713,145.902,37.261
3714,145.731,37.2274
3715,145.747,37.0031
3717,145.435,37.3059
3718,145.56,37.1596
3719,145.607,37.0386
3720,145.873,37.0309
3722,146.043,37.284
3723,146.373,37.3572
3724,146.043,37.284
3725,146.042,36.3822
3726,145.965,36.3408
3727,145.946,36.2372
3728,145.933,36.1628
3730,146.001,36.0488
3732,146.316,36.6609
3733,146.373,36.7805
3735,146.611,36.5218
3737,146.79,36.6032
3738,146.754,36.5877
3739,146.863,36.6403
3740,146.854,36.7502
3741,147.056,36.942
3744,146.97,36.7955
3745,146.854,36.7502
3746,146.521,36.3131
3747,146.727,36.3688
3749,146.845,36.3593
3750,145.005,37.5965
3751,145.058,37.5501
3752,145.075,37.6313
3753,144.959,37.4711
3754,145.112,37.6036
3755,145.135,37.5628
3756,144.974,37.4089
3757,145.209,37.4604
3758,145.061,37.3535
3759,145.249,37.6418
3760,145.285,37.6205
3761,145.288,37.5843
3762,144.943,37.3526
3763,145.348,37.5264
3764,144.928,37.2477
3765,145.348,37.8134
3766,145.385,37.8185
3767,145.347,37.8385
3770,145.415,37.714
3775,145.368,37.619
3777,145.554,37.5732
3778,145.637,37.5486
3779,145.789,37.539
3781,145.5,37.934
3782,145.456,37.9209
3783,145.605,37.9384
3785,145.319,37.8803
3786,145.333,37.8771
3787,145.344,37.8647
3788,145.375,37.855
3789,145.356,37.8921
3791,145.438,37.8976
3792,145.405,37.8933
3793,145.424,37.8757
3795,145.43,37.8333
3796,145.387,37.788
3797,145.792,37.8615
3799,145.815,37.7232
3802,145.257,37.9704
3803,145.27,38.0056
3804,145.331,37.9799
3805,145.306,38.0381
3806,145.35,38.0263
3807,145.378,38.0472
3808,145.428,37.9999
3809,145.405,38.0664
3810,145.486,38.0671
3812,145.56,38.0748
3813,145.633,38.0682
3814,145.693,38.0839
3815,145.733,38.0586
3816,145.77,38.0809
3818,145.828,38.1118
3820,145.922,38.196
3821,145.961,37.9262
3822,145.987,38.2039
3823,146.063,38.1837
3824,146.172,38.2177
3825,146.379,37.9386
3831,146.005,37.996
3833,146.113,37.8299
3835,146.175,38.2861
3838,146.379,37.9386
3840,146.459,38.282
3841,146.459,38.282
3842,146.417,38.3141
3844,146.582,38.2817
3847,146.785,38.1709
3850,147,38.2518
3851,147.273,38.1961
3852,147,38.2518
3854,146.616,38.1166
3856,146.655,38.0634
3857,146.694,38.0164
3858,146.692,37.8312
3859,146.884,37.9779
3860,146.771,37.5792
3862,147.189,37.6849
3864,147.357,37.8905
3865,147.455,37.7949
3869,146.375,38.3705
3870,146.316,38.417
3871,146.162,38.4155
3873,146.701,38.2924
3874,147.02,38.4896
3875,147.65,37.6877
3878,147.686,37.8829
3880,147.735,37.9094
3882,147.759,37.8091
3885,148.021,37.2799
3886,148.454,37.7654
3887,148.122,37.7625
3888,148.643,37.3649
3889,148.855,37.5807
3890,149.217,37.4906
3891,149.512,37.5504
3892,149.726,37.5608
3894,146.459,38.282
3895,147.888,37.3582
3896,147.697,37.2493
3898,147.495,36.998
3900,147.805,36.8472
3902,147.819,37.8118
3903,147.853,37.8209
3904,147.839,37.8863
3909,147.978,37.8166
3910,145.194,38.1555
3911,145.164,38.1993
3912,145.208,38.2136
3913,145.192,38.264
3915,145.155,38.2997
3916,145.047,38.416
3918,145.164,38.3359
3919,145.201,38.3577
3920,145.2,38.3833
3921,145.383,38.3526
3922,145.223,38.4899
3923,145.297,38.4679
3925,145.42,38.5377
3926,145.103,38.3577
3927,145.16,38.3826
3928,144.976,38.4099
3929,144.973,38.4596
3930,145.094,38.1924
3931,145.057,38.2288
3933,145.093,38.259
3934,145.026,38.2757
3936,145.01,38.3429
3937,145.025,38.3698
3938,144.932,38.353
3939,144.906,38.4261
3940,144.871,38.3812
3941,144.824,38.4071
3942,144.769,38.3722
3943,144.742,38.3456
3944,144.694,38.3246
3945,145.718,38.411
3946,145.731,38.4466
3950,145.815,38.4366
3951,145.867,38.4478
3952,145.947,38.4602
3953,145.947,38.4602
3954,145.94,38.5507
3956,145.847,38.6951
3957,146.112,38.5808
3958,146,38.6737
3959,146.083,38.7411
3960,146.447,38.8103
3962,146.388,38.6016
3964,146.281,38.684
3965,146.467,38.6928
3966,146.436,38.6331
3967,146.501,38.6496
3971,146.612,38.5359
3975,145.228,38.0503
3976,145.26,38.0385
3977,145.29,38.1553
3978,145.384,38.1258
3979,145.615,38.4435
3980,145.361,38.2126
3981,145.651,38.2243
3984,145.526,38.3353
3987,145.678,38.3026
3988,145.803,38.3234
3989,145.803,38.3234
3990,145.511,38.4557
3991,145.466,38.4894
3992,145.541,38.5687
3995,145.59,38.5739
3996,145.73,38.6277
4000,153.022,27.4688
4001,153.022,27.4688
4002,153.022,27.4688
4003,153.022,27.4688
4004,153.022,27.4688
4005,153.045,27.4688
4006,153.033,27.4497
4007,153.063,27.4358
4008,153.133,27.4034
4009,153.108,27.4005
4010,153.043,27.4348
4011,153.061,27.4185
4012,153.054,27.3969
4013,153.074,27.3957
4014,153.08,27.3676
4017,153.052,27.3108
4018,153.035,27.3424
4019,153.09,27.249
4020,153.105,27.216
4021,153.075,27.2178
4022,153.043,27.2129
4025,153.414,27.1949
4029,153.026,27.4492
4030,153.036,27.4268
4031,153.034,27.4092
4032,153.022,27.3859
4034,153.046,27.3574
4035,152.976,27.3558
4036,153.02,27.3111
4037,152.935,27.3427
4051,152.998,27.4287
4053,152.991,27.3986
4054,152.951,27.4072
4055,152.921,27.3926
4059,153.004,27.4516
4060,152.984,27.4443
4061,152.943,27.4469
4064,152.998,27.4665
4065,152.977,27.4612
4066,152.959,27.4776
4067,153.006,27.5
4068,152.982,27.5073
4069,152.892,27.5007
4070,152.873,27.5579
4072,153.006,27.5
4073,152.952,27.5456
4074,152.92,27.551
4075,152.977,27.5496
4076,152.929,27.5828
4077,152.967,27.606
4078,152.957,27.6187
4101,153.013,27.4831
4102,153.033,27.4944
4103,153.028,27.5144
4104,153.013,27.5158
4105,153.014,27.5353
4106,153.003,27.5496
4107,153.033,27.5504
4108,153.018,27.5691
4109,153.061,27.5835
4110,153.007,27.6152
4111,153.052,27.5502
4112,153.091,27.6064
4113,153.085,27.59
4114,153.113,27.6492
4115,153.029,27.6305
4116,153.053,27.632
4117,153.083,27.6393
4118,153.032,27.6747
4119,153.111,27.6085
4120,153.048,27.5068
4121,153.057,27.5257
4122,153.09,27.5435
4123,153.125,27.5795
4124,152.973,27.6899
4125,153.033,27.7283
4127,153.148,27.628
4128,153.174,27.6547
4129,153.191,27.6845
4130,153.239,27.6702
4131,153.139,27.6729
4132,153.093,27.6808
4133,153.1,27.7274
4151,153.06,27.4997
4152,153.094,27.5031
4153,153.134,27.5077
4154,153.164,27.4911
4155,153.159,27.518
4156,153.153,27.5679
4157,153.201,27.5581
4158,153.198,27.4855
4159,153.206,27.5002
4160,153.244,27.4965
4161,153.228,27.5409
4163,153.265,27.5308
4164,153.26,27.57
4165,153.246,27.6386
4169,153.043,27.4804
4170,153.079,27.468
4171,153.061,27.4593
4172,153.107,27.4519
4173,153.128,27.4752
4174,153.126,27.4468
4178,153.159,27.4205
4179,153.168,27.4629
4183,153.469,27.5652
4184,153.389,27.675
4205,153.154,27.6897
4207,153.228,27.775
4208,153.299,27.7903
4209,153.309,27.8516
4210,153.277,27.9192
4211,153.216,28.0972
4212,153.359,27.8686
4213,153.309,28.1362
4214,153.371,27.9655
4215,153.397,27.9667
4216,153.375,27.9069
4217,153.415,27.9831
4218,153.413,28.0408
4219,153.44,28.1124
4220,153.439,28.0997
4221,153.452,28.1311
4223,153.41,28.189
4224,153.491,28.1492
4225,153.506,28.1659
4226,153.404,28.0699
4227,153.414,28.1002
4228,153.362,28.1749
4229,153.413,28.0778
4230,153.404,28.0699
4270,153.135,27.8641
4271,153.202,27.918
4272,153.179,27.9586
4275,153.146,28.1051
4280,153.022,27.8285
4285,152.943,28.0511
4287,152.823,28.265
4300,152.87,27.6776
4301,152.851,27.6235
4303,152.839,27.6087
4304,152.809,27.6323
4305,152.748,27.623
4306,152.219,26.7306
4307,152.597,27.8329
4309,152.534,27.9653
4310,152.649,28.081
4311,152.4,27.4106
4312,152.479,27.2154
4313,152.35,27.077
4340,152.505,27.7733
4341,152.419,27.6996
4342,152.394,27.555
4343,152.242,27.6567
4344,152.083,27.5988
4345,152.083,27.5988
4346,152.59,27.5639
4347,152.146,27.6599
4350,151.873,27.5728
4352,151.538,28.0979
4354,151.878,27.3372
4355,152.027,27.2184
4356,151.532,27.6999
4357,150.92,27.928
4358,151.855,27.7395
4359,152.024,27.7819
4360,151.911,27.8607
4361,151.926,27.9469
4362,151.856,28.0383
4370,152.053,28.2171
4371,152.25,28.1767
4372,152.053,28.2171
4373,152.299,28.3527
4374,151.722,28.4697
4375,151.928,28.5121
4376,151.929,28.555
4377,151.93,28.5748
4378,151.74,28.7372
4380,151.74,28.7372
4381,151.837,28.7461
4382,151.846,28.8608
4383,151.944,28.8968
4385,151.065,28.8466
4387,150.947,28.277
4388,150.665,28.462
4390,150.229,28.2578
4400,151.85,27.4889
4401,151.704,27.4704
4402,151.808,26.9584
4403,151.602,27.3246
4404,151.492,27.3349
4405,150.675,27.3864
4406,150.072,27.4868
4407,150.989,27.6111
4408,151.436,26.8367
4410,151.14,26.6826
4411,150.801,26.9515
4412,150.803,26.8297
4413,150.666,26.3574
4415,150.186,26.6286
4416,149.964,26.9904
4417,149.072,27.3736
4418,150.148,26.2588
4419,149.963,26.0692
4420,149.556,25.4417
4421,150.319,27.4256
4422,149.729,27.5159
4423,149.467,27.5371
4424,149.955,26.6345
4425,149.785,26.6167
4426,149.663,26.5406
4427,149.396,26.55
4428,149.213,26.3897
4454,148.669,25.5609
4455,148.691,26.7568
4461,148.284,26.6665
4462,148.223,26.4663
4463,148.223,26.4663
4465,147.704,26.2278
4467,147.467,26.3335
4468,146.997,26.7996
4470,145.828,26.1359
4472,145.182,24.7502
4474,144.531,25.6357
4475,144.904,26.7066
4477,146.959,25.4099
4478,146.3,24.6433
4479,145.351,26.6767
4480,142.964,26.5264
4481,141.476,25.3234
4482,139.393,25.4173
4486,147.935,28.6092
4487,148.544,27.9379
4488,146.995,28.2563
4489,145.91,27.3047
4490,145.387,28.189
4491,145.137,27.8153
4492,142.531,28.099
4493,144.53,28.9062
4494,149.607,28.2388
4496,149.281,28.369
4497,148.846,28.4584
4498,149.854,28.3571
4500,152.937,27.3023
4501,152.954,27.2754
4502,152.973,27.2642
4503,152.982,27.246
4504,152.938,27.1871
4505,152.987,27.1516
4506,152.947,27.1354
4507,153.141,26.9588
4508,153.019,27.1814
4509,153.038,27.2323
4510,152.951,27.0914
4511,153.092,27.0738
4512,152.859,27.0254
4514,152.754,26.9109
4515,152.525,26.7974
4516,152.952,26.9958
4517,152.967,26.9595
4518,152.972,26.9046
4519,152.946,26.8578
4520,152.803,27.3188
4521,152.74,27.122
4550,152.971,26.8156
4551,153.091,26.8311
4552,152.777,26.7177
4553,152.989,26.799
4554,152.958,26.7361
4555,152.963,26.6935
4556,153.059,26.7045
4557,153.115,26.6871
4558,153.073,26.6585
4559,152.954,26.6616
4560,152.918,26.6305
4561,152.973,26.5354
4562,152.815,26.5062
4563,152.895,26.4255
4564,153.073,26.6081
4565,153.034,26.2509
4566,153.065,26.4066
4567,153.095,26.4135
4568,152.882,26.3185
4569,152.81,26.3272
4570,152.602,26.1621
4571,152.908,26.2642
4572,153.105,26.6711
4573,153.069,26.5113
4574,152.748,26.6272
4575,153.124,26.7248
4580,152.936,25.8911
4581,153.102,25.9581
4600,152.218,26.0209
4601,152.061,26.1025
4605,151.899,26.15
4606,151.806,26.2623
4608,151.756,26.3409
4610,151.48,26.5777
4611,151.782,26.1775
4612,151.552,26.0148
4613,151.312,26.2448
4614,151.967,26.8567
4615,152.094,26.6326
4620,152.291,25.5577
4621,152.132,25.5514
4625,151.631,25.5305
4626,151.113,25.8165
4627,150.959,25.3885
4630,150.986,24.8875
4650,153.085,25.3199
4655,152.763,25.3386
4659,152.548,25.2979
4660,152.353,25.2066
4662,152.626,25.3503
4670,152.302,24.8651
4671,151.777,25.0424
4673,152.032,24.7004
4674,151.88,24.662
4676,151.611,24.6288
4677,151.716,24.3056
4678,151.627,24.1312
4680,151.127,24.0434
4694,151.108,23.8128
4695,150.971,23.8237
4697,150.815,23.7106
4699,150.639,23.6633
4700,150.495,23.3935
4701,150.556,23.356
4702,149.067,23.6487
4703,150.696,23.0119
4704,150.357,23.146
4705,149.688,22.6681
4706,149.67,22.5708
4707,149.188,22.4749
4709,148.402,23.0587
4714,150.398,23.6588
4715,150.429,24.4166
4716,150.766,24.4808
4717,148.874,23.6152
4718,149.615,24.5733
4719,150.092,25.0953
4720,148.182,23.7021
4721,147.185,22.4969
4722,147.593,24.3172
4724,146.785,23.7342
4725,145.379,23.5797
4726,145.525,22.6094
4727,144.636,23.5748
4730,143.437,23.4208
4731,144.187,24.5838
4732,144.686,22.4087
4733,143.484,21.878
4735,142.278,23.2483
4736,143.061,24.9305
4737,149.154,21.4234
4738,149.268,21.6262
4739,149.384,21.9344
4740,149.135,21.1881
4741,149.227,21.9124
4742,148.547,21.6339
4743,147.872,21.4095
4744,148.071,22.0221
4745,148.289,22.4606
4746,148.834,22.8517
4747,149.135,21.1881
4750,149.151,21.0311
4751,149.04,21.2102
4753,148.952,21.1595
4754,148.81,21.1823
4756,148.592,21.1162
4757,148.52,21.0774
4798,148.741,20.8707
4799,148.628,20.7121
4800,148.542,20.5016
4801,148.887,20.0516
4802,148.722,20.2987
4803,148.962,20.356
4804,147.546,20.8205
4805,147.965,20.2723
4806,147.438,19.8893
4807,147.154,19.8408
4808,147.299,19.4999
4809,147.144,19.5271
4810,146.768,19.2366
4811,146.844,19.317
4812,146.788,19.2892
4814,146.768,19.278
4815,146.693,19.3698
4816,145.458,20.9252
4817,146.666,19.3174
4818,146.564,19.2572
4819,146.831,19.1442
4820,145.948,20.7371
4821,144.002,20.8288
4822,143.27,20.5462
4823,141.164,20.1264
4824,140.357,20.2788
4825,138.289,21.687
4828,138.549,19.6181
4829,140.113,23.8255
4830,139.175,17.8514
4849,145.73,18.6168
4850,145.73,18.6168
4852,146.074,17.858
4854,145.852,18.0448
4855,146.006,17.8145
4856,145.926,17.7303
4857,146.045,17.7574
4858,146.085,17.627
4859,145.958,17.6076
4860,145.863,17.5375
4861,145.884,17.3566
4865,145.785,17.0937
4868,145.732,16.982
4869,145.732,17.0237
4870,145.733,16.9262
4871,143.446,15.6816
4872,145.112,17.8083
4873,145.273,16.2285
4874,142.154,12.2839
4875,142.264,10.1901
4876,142.442,11.2099
4878,145.713,16.8387
4879,145.679,16.7875
4880,145.403,16.9585
4882,145.469,17.1987
4883,145.484,17.3507
4885,145.622,17.4091
4886,145.639,17.5368
4890,141.011,17.6264
4891,140.944,17.4065
5000,138.599,34.9271
5001,138.599,34.9271
5005,138.599,34.9271
5006,138.594,34.9103
5007,138.569,34.9037
5008,138.565,34.8895
5009,138.548,34.8938
5010,138.567,34.8642
5011,138.533,34.8851
5012,138.544,34.8642
5013,138.547,34.8408
5014,138.518,34.8695
5015,138.528,34.7841
5016,138.496,34.8244
5017,138.498,34.8015
5018,138.495,34.7812
5019,138.481,34.8502
5020,138.482,34.8687
5021,138.493,34.8749
5022,138.493,34.9072
5023,138.519,34.8941
5024,138.508,34.9365
5025,138.535,34.9138
5031,138.565,34.9271
5032,138.534,34.9262
5033,138.558,34.9407
5034,138.585,34.9557
5035,138.577,34.9501
5037,138.553,34.9567
5038,138.549,34.9681
5039,138.572,34.9814
5040,138.528,34.9682
5041,138.591,34.991
5042,138.576,35.0141
5043,138.551,34.9959
5044,138.53,34.9908
5045,138.522,34.9777
5046,138.538,35.0085
5047,138.551,35.0301
5048,138.525,35.0174
5049,138.522,35.044
5050,138.588,35.0272
5051,138.62,35.0356
5052,138.626,35.0042
5061,138.603,34.9549
5062,138.627,34.9863
5063,138.621,34.954
5064,138.647,34.961
5065,138.637,34.9392
5066,138.668,34.9509
5067,138.631,34.9255
5068,138.653,34.9222
5069,138.625,34.9094
5070,138.637,34.8975
5071,138.631,34.9255
5072,138.697,34.9144
5073,138.681,34.9009
5074,138.668,34.8821
5075,138.674,34.8683
5076,138.707,34.8739
5081,138.615,34.8959
5082,138.591,34.8887
5083,138.61,34.8808
5084,138.589,34.8626
5085,138.623,34.8556
5086,138.644,34.8661
5087,138.646,34.8743
5088,138.671,34.8499
5089,138.714,34.8533
5090,138.698,34.8486
5091,138.735,34.8236
5092,138.683,34.8233
5093,138.659,34.8337
5094,138.573,34.8211
5095,138.62,34.8223
5096,138.651,34.8082
5097,138.705,34.8233
5098,138.643,34.8283
5106,138.628,34.7984
5107,138.612,34.7953
5108,138.623,34.7622
5109,138.673,34.7768
5110,138.571,34.7432
5111,138.634,34.7232
5112,138.668,34.735
5113,138.677,34.7006
5114,138.746,34.691
5115,138.686,34.6555
5116,138.729,34.6403
5117,138.641,34.6413
5118,138.724,34.5833
5120,138.531,34.6846
5121,138.624,34.6723
5125,138.73,34.7729
5126,138.725,34.7956
5127,138.689,34.8012
5131,138.762,34.8066
5132,138.769,34.8464
5133,138.787,34.8088
5134,138.751,34.8946
5136,138.734,34.9212
5137,138.741,34.9391
5138,138.767,34.942
5139,138.797,34.9278
5140,138.701,34.9587
5141,138.725,34.9554
5142,138.744,34.959
5144,138.779,34.9706
5150,138.656,34.9957
5151,138.731,34.977
5152,138.706,34.9958
5153,138.77,35.1102
5154,138.734,35.0172
5155,138.766,35.0087
5156,138.689,35.0238
5157,138.651,35.1934
5158,138.528,35.0666
5159,138.586,35.0645
5160,138.489,35.1059
5161,138.532,35.095
5162,138.547,35.1161
5163,138.548,35.1477
5164,138.495,35.1308
5165,138.476,35.1354
5167,138.481,35.1631
5168,138.499,35.1657
5169,138.478,35.201
5170,138.477,35.2336
5171,138.559,35.2023
5172,138.585,35.3006
5173,138.469,35.2828
5174,138.47,35.335
5201,138.732,35.2124
5202,138.477,35.3894
5203,138.395,35.462
5204,138.285,35.527
5210,138.649,35.4123
5211,138.524,35.5171
5212,138.671,35.5187
5213,138.713,35.4893
5214,138.868,35.5009
5220,137.276,35.767
5221,137.753,35.79
5222,137.943,35.8115
5223,136.834,35.8199
5231,138.848,34.757
5232,138.822,34.86
5233,138.891,34.8274
5234,138.973,34.8155
5235,139.085,34.7025
5236,139.052,34.8333
5237,139.187,34.8016
5238,139.482,34.8316
5240,138.822,34.9164
5241,138.869,34.8975
5242,138.834,34.999
5243,138.842,34.9786
5244,138.938,34.9249
5245,138.809,35.0259
5250,138.861,35.0438
5251,138.896,35.1001
5252,138.958,35.0444
5253,139.276,35.1159
5254,139.296,35.0605
5255,138.975,35.2684
5256,139.112,35.4654
5259,139.387,35.4498
5260,139.486,35.237
5261,139.825,35.5481
5262,140.892,36.7911
5263,140.843,37.292
5264,139.325,35.7508
5265,139.777,35.7305
5266,139.862,35.9408
5267,140.424,36.2065
5268,140.742,36.328
5269,140.917,36.3771
5270,140.553,36.4025
5271,140.533,36.8395
5272,140.368,37.1238
5273,140.251,36.9451
5275,139.875,36.5928
5276,139.925,37.2347
5277,140.869,37.4275
5278,140.61,37.5346
5279,140.453,37.56
5280,140.288,37.5573
5290,140.775,37.8308
5291,140.665,37.8342
5301,139.98,35.35
5302,140.339,35.4707
5303,140.695,35.2107
5304,140.787,35.399
5306,139.717,35.0942
5307,140.362,35.0489
5308,140,34.5932
5309,140.147,34.845
5310,140.387,34.7635
5311,140.727,34.6989
5312,140.494,34.6217
5320,139.559,33.9802
5321,139.768,34.0574
5322,139.921,34.1872
5330,140.065,34.002
5331,140.339,34.22
5332,140.288,34.2672
5333,140.574,34.4884
5336,140.574,34.4884
5340,140.787,34.1811
5341,140.593,33.6928
5342,140.554,34.2415
5343,140.55,34.3424
5344,140.512,34.2765
5345,140.482,34.2573
5346,140.399,34.2461
5350,138.822,34.5758
5351,138.885,34.6552
5352,138.954,34.5702
5353,139.295,34.6256
5354,139.663,34.5811
5355,138.984,34.4444
5356,139.222,34.3736
5357,139.589,34.3293
5360,138.912,34.4358
5371,138.781,34.5235
5372,138.825,34.4381
5373,138.962,34.3179
5374,139.205,34.165
5381,139.201,33.9385
5400,138.689,34.4588
5401,138.67,34.2936
5410,138.779,34.3691
5411,138.789,34.2748
5412,138.771,34.1773
5413,138.868,34.0242
5414,138.799,33.9685
5415,138.737,33.932
5416,138.818,33.793
5417,139.838,33.1718
5418,139.106,33.4053
5419,138.911,33.3884
5420,139,33.2603
5421,139.002,33.1139
5422,138.873,32.9712
5430,138.442,32.5366
5431,138.881,32.4223
5432,138.526,32.1752
5433,138.104,32.2305
5434,138.645,31.6626
5440,139.943,32.0154
5451,138.641,34.0961
5452,138.672,33.959
5453,138.62,33.8362
5454,138.629,33.4913
5455,138.629,33.6845
5460,138.499,34.2952
5461,138.441,34.0973
5462,138.409,33.8718
5464,138.388,33.6612
5470,138.472,33.5916
5471,138.42,33.4726
5472,138.39,33.3796
5473,138.355,33.271
5480,138.315,33.1205
5481,138.255,32.9956
5482,138.381,32.856
5483,138.155,32.8568
5485,138.134,32.6445
5490,138.473,33.1769
5491,138.632,33.2245
5493,138.747,33.0285
5495,137.997,32.9197
5501,138.426,34.4482
5502,138.57,34.4588
5510,138.203,33.925
5520,138.182,33.7986
5521,138.223,33.5433
5522,138.006,33.6015
5523,138.116,33.3717
5540,137.992,33.1917
5550,138.248,34.1368
5552,137.891,34.0606
5554,137.761,33.9375
5555,137.891,34.1481
5556,137.602,33.9465
5558,137.595,34.1152
5560,138.016,33.8662
5570,137.97,34.3023
5571,137.845,34.489
5572,137.81,34.253
5573,137.623,34.3906
5575,137.619,34.9075
5576,137.59,35.0335
5577,137.347,35.0301
5580,137.725,34.6832
5581,137.783,34.7661
5582,137.747,34.9341
5583,137.705,35.0921
5600,137.428,33.0203
5601,137.068,32.7973
5602,136.991,33.5252
5603,136.566,33.8428
5604,136.283,34.0325
5605,136.176,34.2938
5606,135.76,34.8052
5607,136.039,34.1877
5608,137.53,33.0283
5609,137.513,33.0216
5630,135.67,34.4116
5631,135.677,34.2622
5632,135.647,34.1204
5633,135.708,33.4723
5640,136.483,33.644
5641,136.343,33.1281
5642,136.196,33.5564
5650,135.71,33.1674
5651,135.601,33.1212
5652,135.413,32.9564
5653,135.242,32.9678
5654,135.135,32.762
5655,134.794,32.6658
5660,134.656,32.5736
5661,134.597,32.4048
5667,136.039,34.1877
5670,135.023,33.4076
5671,134.711,33.0711
5680,134.389,32.6377
5690,132.057,31.7846
5700,137.708,32.709
5710,134.999,29.6634
5720,136.695,30.7355
5722,137.352,30.617
5723,135.293,28.5315
5724,133.465,27.259
5725,136.795,30.5437
5730,138.642,31.0374
5731,140.109,28.3587
5732,138.982,30.6827
5733,138.173,29.5462
5734,135.124,27.1359
5760,134.174,19.6449
5780,132.42,14.2793
5942,138.599,34.9271
5950,138.599,34.9271
6000,115.862,31.9504
6001,115.862,31.9504
6003,115.868,31.9415
6004,115.874,31.9533
6005,115.837,31.9563
6006,115.853,31.9265
6007,115.835,31.9357
6008,115.815,31.9548
6009,115.806,31.9859
6010,115.778,31.9728
6011,115.761,32.0002
6012,115.765,32.0155
6014,115.805,31.9381
6015,115.767,31.9351
6016,115.829,31.922
6017,115.813,31.9048
6018,115.786,31.8966
6019,115.77,31.9093
6020,115.755,31.8436
6021,115.816,31.8799
6022,115.809,31.8517
6023,115.777,31.8322
6024,115.8,31.8323
6025,115.754,31.7973
6026,115.798,31.7994
6027,115.758,31.7474
6028,115.73,31.7292
6029,115.757,31.8786
6030,115.716,31.6831
6031,115.772,31.6937
6032,115.734,31.6368
6033,115.701,31.5975
6034,115.668,31.5853
6035,115.728,31.5373
6037,115.606,31.4904
6041,115.565,31.3704
6042,115.502,31.2488
6043,115.448,31.1333
6044,115.387,30.9997
6050,115.866,31.9273
6051,115.899,31.9371
6052,115.883,31.9148
6053,115.915,31.9152
6054,115.944,31.9013
6055,115.987,31.8428
6056,116.039,31.8424
6057,116.007,31.9484
6058,116.009,31.9856
6059,115.87,31.8905
6060,115.849,31.9029
6061,115.849,31.8674
6062,115.891,31.88
6063,115.935,31.867
6064,115.848,31.8362
6065,115.826,31.6833
6066,115.899,31.8393
6067,115.901,31.8267
6068,115.943,31.8267
6069,116.046,31.7693
6070,116.084,31.9264
6071,116.097,31.8929
6072,116.135,31.9083
6073,116.268,31.9645
6074,116.208,31.898
6076,116.19,32.1081
6081,116.144,31.8683
6082,116.219,31.8645
6083,116.159,31.7703
6084,116.055,31.6048
6090,116.055,31.6048
6100,115.896,31.9677
6101,115.909,31.9861
6102,115.908,32.0036
6103,115.906,31.957
6104,115.932,31.9431
6105,115.961,31.9543
6106,115.944,31.9953
6107,115.961,32.0169
6108,115.954,32.0632
6109,116.017,32.0407
6110,116.009,32.0925
6111,116.103,32.0885
6112,116.126,32.198
6113,115.926,32.2098
6121,116.103,32.0885
6122,115.995,32.2286
6123,115.981,32.2989
6125,115.979,32.3605
6126,115.994,32.458
6147,115.928,32.0445
6148,115.899,32.035
6149,115.867,32.0674
6150,115.833,32.0638
6151,115.869,31.9822
6152,115.875,32.0119
6153,115.839,32.0255
6154,115.826,32.0378
6155,115.91,32.0784
6156,115.803,32.0368
6157,115.783,32.0336
6158,115.766,32.0387
6159,115.75,32.0388
6160,115.755,32.0538
6161,115.503,32.0082
6162,115.757,32.0706
6163,115.798,32.0888
6164,115.85,32.1325
6165,115.799,32.1978
6166,115.791,32.1475
6167,115.826,32.2213
6168,115.739,32.2816
6169,115.746,32.3421
6170,115.835,32.2694
6171,115.831,32.3323
6172,115.749,32.3723
6173,115.755,32.4074
6174,115.759,32.4266
6175,115.758,32.4459
6176,115.808,32.4215
6201,115.995,32.2286
6202,115.891,32.3465
6203,116.125,32.3279
6205,116.121,32.4911
6207,115.959,32.5107
6208,115.845,32.673
6210,115.757,32.6249
6213,116.129,32.7164
6214,115.858,32.7388
6215,115.906,32.8526
6218,115.901,32.9481
6220,116.034,33.0475
6221,115.904,33.1285
6223,115.911,33.1788
6224,115.884,33.261
6225,116.179,33.3751
6226,115.84,33.2908
6227,115.848,33.3249
6228,115.782,33.3389
6229,115.705,33.347
6230,115.667,33.3665
6231,115.667,33.3665
6232,115.667,33.3665
6233,115.737,33.2118
6236,115.85,33.4139
6237,115.682,33.4753
6239,116.063,33.5593
6240,115.966,33.5501
6243,116.206,33.6851
6244,116.479,33.8387
6245,116.479,33.8387
6251,115.893,33.6814
6252,115.947,33.7549
6253,116.023,33.7833
6254,116.064,33.8339
6255,116.196,33.9611
6256,116.166,34.0528
6258,116.328,34.3554
6260,115.866,34.4665
6262,116.164,34.7085
6271,115.622,33.6191
6274,115.648,34.0339
6275,115.648,34.0339
6280,115.286,33.7063
6281,115.077,33.6033
6282,115.038,33.7289
6284,115.199,33.8658
6285,115.243,33.9815
6286,115.196,34.0706
6288,115.171,34.2007
6290,115.13,34.2997
6302,116.722,31.9063
6304,116.754,32.1792
6306,117.108,32.2959
6308,116.856,32.5578
6309,117.112,32.6655
6311,117.134,32.792
6312,117.323,33.0229
6313,117.244,33.0587
6315,117.347,33.3002
6316,117.355,33.5312
6317,117.695,33.6408
6318,117.647,33.8827
6320,117.658,34.1101
6321,117.513,34.275
6322,117.458,34.4018
6323,117.61,34.4795
6324,117.835,34.5366
6326,117.789,34.7633
6327,117.581,34.8571
6328,118.43,34.6355
6330,117.773,34.9152
6331,117.773,34.9152
6332,117.773,34.9152
6333,117.14,34.9119
6335,118.108,34.0052
6336,118.615,33.9788
6337,119.279,33.9511
6338,118.816,34.2718
6341,118.171,33.5134
6343,118.803,33.4991
6346,120.017,33.3592
6348,120.147,33.8861
6350,117.735,33.2605
6351,117.94,33.2818
6352,118.116,33.1916
6353,118.502,33.1415
6355,119.179,33.0741
6356,119.738,33.1421
6357,118.696,32.8254
6358,118.696,32.4828
6359,119.282,32.4504
6361,117.755,33.0033
6363,118.003,32.9129
6365,118.28,32.7414
6367,118.336,32.408
6368,118.339,32.1906
6369,118.788,32.0371
6370,117.628,32.7816
6372,117.675,32.6434
6373,117.788,32.5028
6375,117.819,32.327
6383,117.372,31.9444
6384,117.668,31.9539
6386,117.782,31.9138
6390,116.393,32.774
6391,116.75,33.0444
6392,116.658,33.4496
6393,116.832,33.5541
6394,116.982,33.8409
6395,117.018,33.9603
6396,117.052,34.3699
6397,116.946,34.5417
6398,116.599,34.8187
6401,116.725,31.6349
6403,116.796,31.6394
6405,117.003,31.6037
6407,117.24,31.6511
6409,117.466,31.6051
6410,117.705,31.6263
6411,117.936,31.5303
6412,117.984,31.5972
6413,118.06,31.5548
6415,118.296,31.4638
6417,118.18,31.7593
6418,118.113,31.9182
6419,118.097,32.0298
6420,118.821,31.7369
6421,118.571,31.3422
6422,118.573,31.3845
6423,118.697,31.2953
6424,118.887,31.3167
6425,119.141,31.3827
6426,119.257,30.8069
6427,119.589,30.8562
6428,118.014,32.1436
6429,120.858,30.965
6430,121.456,30.6757
6431,122.374,30.56
6432,121.563,30.8808
6434,125.304,30.7918
6435,120.485,28.2238
6436,123.716,29.9389
6437,120.593,27.815
6438,121.518,28.1678
6440,125.269,26.3361
6442,121.944,31.2873
6443,124.324,31.8595
6445,121.641,32.9828
6446,121.709,33.2255
6447,121.744,33.4539
6448,121.804,33.655
6449,121.563,30.8808
6450,122.725,33.3512
6460,116.79,31.2726
6461,117.102,31.1226
6462,117.202,31.1251
6464,117.082,31
6465,117.072,30.8577
6466,117.083,30.7191
6467,117.142,30.56
6468,117.135,30.2141
6470,117.285,30.466
6472,117.716,30.2695
6473,118.134,30.4884
6475,117.406,30.5918
6476,117.684,30.7714
6477,117.948,30.7662
6479,118.491,30.7365
6480,118.214,31.2911
6484,119.098,30.9527
6485,117.444,31.1628
6487,117.659,31.1644
6488,117.732,31.1316
6489,117.99,31.1699
6490,118.118,31.1726
6501,115.929,31.5415
6502,116.174,31.2842
6503,115.782,31.2002
6504,116.042,31.3088
6505,116.113,31.1669
6506,116.111,31.0585
6507,115.706,30.7377
6509,116.23,30.8911
6510,116.108,30.7611
6511,115.263,30.5385
6512,116.077,30.4531
6513,116.028,30.258
6514,115.083,30.0512
6515,115.797,29.9983
6516,115.234,30.2473
6517,115.775,29.7243
6518,115.182,29.8196
6519,115.63,29.5155
6521,115.547,30.3336
6522,115.5,29.1465
6525,115.044,29.3426
6528,114.856,29.005
6530,114.641,28.8409
6531,114.641,28.8409
6532,115.026,28.2746
6535,114.821,27.6661
6536,114.342,27.5243
6537,114.409,26.3956
6556,116.309,31.8667
6558,116.315,31.7786
6560,116.382,31.7998
6562,116.469,31.7387
6564,116.547,31.7289
6566,116.385,31.4333
6568,116.519,31.2409
6569,116.448,31.1061
6571,116.398,30.9411
6572,116.397,30.8038
6574,116.411,30.6506
6575,116.406,30.3971
6603,116.735,30.8722
6605,116.761,30.7289
6606,116.797,30.6368
6608,116.819,30.448
6609,116.696,30.2456
6612,117.42,29.4402
6613,116.535,29.9539
6614,116.655,29.8529
6616,116.417,29.7503
6618,116.333,29.599
6620,116.534,29.3793
6623,116.079,29.0302
6627,115.89,28.8607
6628,115.759,28.8086
6630,116.109,26.8461
6631,115.741,28.4585
6632,115.336,28.6167
6635,116.827,27.9307
6638,118.532,28.3633
6639,119.339,27.9012
6640,117.593,26.707
6642,118.246,25.5621
6646,121.242,25.3676
6701,115.299,24.4451
6705,115.047,25.0907
6707,113.957,22.1514
6710,115.217,21.9197
6711,114.997,21.4593
6712,115.391,20.782
6713,116.72,20.6654
6714,116.292,21.1064
6716,116.528,21.8631
6718,117.864,21.1954
6720,117.07,20.6781
6721,118.481,20.6971
6722,118.606,20.4072
6725,122.753,18.1335
6726,122.753,18.1335
6728,124.985,17.3597
6740,126.684,15.7465
6743,128.913,16.9631
6751,117.129,22.142
6752,118.113,22.1129
6753,119.591,23.3991
6754,117.704,23.1249
6758,120.242,22.2557
6760,123.851,21.509
6762,122.226,21.7168
6765,124.773,18.3886
6770,127.451,19.085
6798,105.623,10.4914
6799,96.8303,12.171
6831,115.961,31.9543
6832,115.961,31.9543
6837,115.961,31.9543
6841,115.961,31.9543
6842,115.961,31.9543
6845,115.961,31.9543
6847,115.961,31.9543
6849,115.961,31.9543
6850,115.961,31.9543
6865,115.961,31.9543
6870,115.961,31.9543
6872,115.961,31.9543
6892,115.961,31.9543
6901,115.835,31.9357
6902,115.835,31.9357
6904,115.835,31.9357
6905,115.835,31.9357
6906,115.835,31.9357
6909,115.835,31.9357
6910,115.835,31.9357
6911,115.835,31.9357
6913,115.835,31.9357
6914,115.835,31.9357
6915,115.835,31.9357
6916,115.835,31.9357
6917,115.835,31.9357
6918,115.835,31.9357
6919,115.758,31.7474
6920,115.835,31.9357
6921,115.835,31.9357
6922,115.835,31.9357
6923,115.835,31.9357
6924,115.835,31.9357
6926,115.758,31.7474
6929,115.758,31.7474
6931,115.758,31.7474
6932,115.758,31.7474
6933,115.758,31.7474
6934,115.758,31.7474
6935,115.758,31.7474
6936,115.758,31.7474
6939,115.758,31.7474
6941,115.758,31.7474
6942,115.758,31.7474
6943,115.758,31.7474
6944,115.758,31.7474
6945,115.758,31.7474
6946,115.758,31.7474
6947,115.758,31.7474
6951,115.862,31.9504
6952,115.875,32.0119
6953,115.839,32.0255
6954,115.826,32.0378
6955,115.91,32.0784
6956,115.803,32.0368
6957,115.783,32.0336
6959,115.755,32.0538
6960,115.826,32.0378
6961,115.783,32.0336
6963,115.798,32.0888
6964,115.85,32.1325
6965,115.798,32.0888
6968,115.739,32.2816
6970,115.91,32.0784
6979,115.896,31.9677
6981,115.909,31.9861
6982,115.908,32.0036
6983,115.908,32.0036
6984,115.932,31.9431
6985,115.961,31.9543
6986,115.944,31.9953
6987,115.961,32.0169
6988,115.954,32.0632
6989,116.017,32.0407
6990,116.009,32.0925
6991,116.103,32.0885
6992,116.126,32.198
7000,147.314,42.8771
7001,146.189,43.3906
7004,147.289,42.9024
7005,147.301,42.9123
7006,147.301,42.9123
7007,147.328,42.9206
7008,147.277,42.8693
7009,147.294,42.8444
7010,147.228,42.8652
7011,147.241,42.7885
7012,147.175,42.8354
7015,147.36,42.8414
7016,147.35,42.8126
7017,147.335,42.7358
7018,147.406,42.8837
7019,147.438,42.9087
7020,147.498,42.9754
7021,147.486,42.9108
7022,147.421,43.0265
7023,147.404,42.9835
7024,147.512,42.9552
7025,147.455,42.7481
7026,147.431,42.6492
7027,147.393,42.5274
7030,146.909,42.2896
7050,147.3,42.9635
7051,147.3,42.9635
7052,147.313,43.0045
7053,147.34,42.9552
7054,147.238,42.9937
7055,147.287,42.9948
7109,146.546,43.1965
7112,147.14,43.1915
7113,146.984,43.0937
7116,146.92,43.1596
7117,147.011,43.2929
7120,147.47,42.3552
7139,145.962,42.7329
7140,146.576,42.4226
7150,147.327,43.2915
7155,147.222,43.1244
7162,147.217,43.1606
7163,147.226,43.21
7170,147.484,42.8411
7171,147.493,42.7792
7172,147.652,42.7282
7173,147.664,42.8389
7174,147.764,42.8091
7175,147.841,42.8291
7176,147.86,42.7524
7177,147.942,42.8964
7178,147.904,42.9506
7179,147.912,43.0129
7180,147.925,43.1329
7182,147.838,43.1579
7183,147.792,43.1845
7184,147.717,43.0891
7185,147.767,43.0586
7186,147.682,43.0062
7187,147.81,43.0692
7190,147.88,42.2986
7209,147.536,42.1246
7210,147.454,41.9386
7211,147.306,41.7684
7212,147.478,41.5895
7213,147.787,41.7998
7214,147.952,41.6031
7215,148.178,41.8166
7216,148.109,41.2367
7248,147.13,41.4024
7249,147.159,41.4711
7250,147.091,41.438
7251,147.091,41.438
7252,146.99,41.185
7253,146.838,41.1039
7254,147.248,41.1365
7255,148.04,39.9986
7256,143.985,39.8721
7257,148.231,40.3933
7258,147.204,41.5029
7259,147.407,41.3311
7260,147.508,41.1552
7261,147.559,41.1483
7262,147.556,40.9361
7263,147.71,41.2833
7264,148.054,41.0063
7265,147.836,41.0766
7267,147.104,41.2655
7268,147.201,41.308
7270,146.787,41.1701
7275,146.839,41.3169
7276,146.974,41.2933
7277,147.007,41.3728
7290,147.069,41.5141
7291,147.015,41.5321
7292,146.953,41.4596
7300,147.214,41.6183
7301,146.87,41.7232
7302,146.987,41.7233
7303,146.806,41.4943
7304,146.24,41.6666
7305,146.44,41.3487
7306,146.155,41.4705
7307,146.55,41.2401
7310,146.206,41.3179
7315,146.052,41.3078
7316,145.973,41.2488
7320,145.89,41.083
7321,145.518,41.4221
7322,145.805,41.0471
7325,145.617,41.1025
7330,145.023,41.1561
7331,145.279,40.7584
7466,145.794,42.3449
7467,145.535,42.0914
7468,145.578,42.7594
7469,145.228,41.774
7470,145.469,41.889
8001,144.964,37.813
8007,144.964,37.813
8008,144.964,37.813
8009,144.964,37.813
